zone,hour,hourly_mw,date,year,month,day,dow,weekend,holiday,is_dst,is_sah,precovid,postcovid,temp,rh,precip,pressure,windspeed,rain,snow
AE,0,1608.0970000000002,2022-08-05,2022,08,05,Friday,False,False,True,False,False,True,75.8,94,0.0,1016.6,3.1,False,False
AE,1,1460.487,2022-08-05,2022,08,05,Friday,False,False,True,False,False,True,75.7,92,0.0,1017.2,3.3,False,False
AE,2,1385.648,2022-08-05,2022,08,05,Friday,False,False,True,False,False,True,75.3,95,0.0,1017.0,3.2,False,False
AE,3,1321.517,2022-08-05,2022,08,05,Friday,False,False,True,False,False,True,74.9,97,0.0,1016.9,3.3,False,False
AE,4,1300.519,2022-08-05,2022,08,05,Friday,False,False,True,False,False,True,74.8,98,0.0,1016.9,3.3,False,False
AE,5,1311.971,2022-08-05,2022,08,05,Friday,False,False,True,False,False,True,74.7,98,0.0,1017.3,3.2,False,False
AE,6,1346.53,2022-08-05,2022,08,05,Friday,False,False,True,False,False,True,75.4,94,0.0,1017.7,2.9,False,False
AE,7,1431.2089999999996,2022-08-05,2022,08,05,Friday,False,False,True,False,False,True,76.2,86,0.0,1019.1,3.8,False,False
AE,8,1468.783,2022-08-05,2022,08,05,Friday,False,False,True,False,False,True,77.8,81,0.0,1019.0,3.9,False,False
AE,9,1586.513,2022-08-05,2022,08,05,Friday,False,False,True,False,False,True,80.9,73,0.0,1019.5,5.1,False,False
AE,10,1707.7879999999998,2022-08-05,2022,08,05,Friday,False,False,True,False,False,True,84.8,65,0.0,1019.5,6.2,False,False
AE,11,1836.2479999999998,2022-08-05,2022,08,05,Friday,False,False,True,False,False,True,88.2,57,0.0,1019.4,7.2,False,False
AE,12,1965.1529999999998,2022-08-05,2022,08,05,Friday,False,False,True,False,False,True,90.1,55,0.0,1018.8,7.8,False,False
AE,13,2084.298,2022-08-05,2022,08,05,Friday,False,False,True,False,False,True,90.6,54,0.0,1018.9,7.1,False,False
AE,14,2145.129,2022-08-05,2022,08,05,Friday,False,False,True,False,False,True,90.8,54,0.0,1018.7,7.5,False,False
AE,15,2240.596,2022-08-05,2022,08,05,Friday,False,False,True,False,False,True,89.4,56,0.012,1018.5,7.1,True,False
AE,16,2373.2580000000007,2022-08-05,2022,08,05,Friday,False,False,True,False,False,True,88.4,59,0.004,1018.0,7.0,False,False
AE,17,2457.158000000001,2022-08-05,2022,08,05,Friday,False,False,True,False,False,True,86.4,64,0.004,1017.7,6.8,False,False
AE,18,2453.409,2022-08-05,2022,08,05,Friday,False,False,True,False,False,True,83.9,73,0.008,1018.2,6.5,False,False
AE,19,2343.923,2022-08-05,2022,08,05,Friday,False,False,True,False,False,True,81.9,74,0.071,1018.8,5.2,True,False
AE,20,2226.083,2022-08-05,2022,08,05,Friday,False,False,True,False,False,True,78.1,85,0.008,1019.7,3.3,False,False
AE,21,2107.634,2022-08-05,2022,08,05,Friday,False,False,True,False,False,True,76.0,89,0.0,1020.1,2.8,False,False
AE,22,1946.449,2022-08-05,2022,08,05,Friday,False,False,True,False,False,True,75.1,91,0.0,1020.2,2.1,False,False
AE,23,1805.235,2022-08-05,2022,08,05,Friday,False,False,True,False,False,True,74.7,93,0.0,1020.3,1.6,False,False
AEP,0,14893.05,2022-08-05,2022,08,05,Friday,False,False,True,False,False,True,72.8,94,0.0,991.9,1.8,False,False
AEP,1,14310.54,2022-08-05,2022,08,05,Friday,False,False,True,False,False,True,72.7,93,0.0,992.0,1.6,False,False
AEP,2,13758.854,2022-08-05,2022,08,05,Friday,False,False,True,False,False,True,72.0,94,0.0,991.9,1.4,False,False
AEP,3,13522.313999999997,2022-08-05,2022,08,05,Friday,False,False,True,False,False,True,71.6,95,0.0,991.8,0.9,False,False
AEP,4,13483.941,2022-08-05,2022,08,05,Friday,False,False,True,False,False,True,71.3,96,0.008,992.3,2.7,False,False
AEP,5,13753.884000000002,2022-08-05,2022,08,05,Friday,False,False,True,False,False,True,71.4,95,0.035,992.4,1.4,True,False
AEP,6,14311.983,2022-08-05,2022,08,05,Friday,False,False,True,False,False,True,71.4,95,0.083,993.0,1.1,True,False
AEP,7,14995.096000000001,2022-08-05,2022,08,05,Friday,False,False,True,False,False,True,71.9,96,0.051,993.6,0.9,True,False
AEP,8,15740.735,2022-08-05,2022,08,05,Friday,False,False,True,False,False,True,73.1,93,0.028,993.8,1.8,True,False
AEP,9,16540.36,2022-08-05,2022,08,05,Friday,False,False,True,False,False,True,75.8,88,0.0,993.9,2.2,False,False
AEP,10,17423.218,2022-08-05,2022,08,05,Friday,False,False,True,False,False,True,78.7,83,0.0,994.1,3.6,False,False
AEP,11,18089.704,2022-08-05,2022,08,05,Friday,False,False,True,False,False,True,80.8,79,0.0,994.4,4.3,False,False
AEP,12,18699.836000000007,2022-08-05,2022,08,05,Friday,False,False,True,False,False,True,79.6,86,0.063,994.3,3.8,True,False
AEP,13,19068.424,2022-08-05,2022,08,05,Friday,False,False,True,False,False,True,79.5,85,0.102,994.4,4.2,True,False
AEP,14,19274.596999999998,2022-08-05,2022,08,05,Friday,False,False,True,False,False,True,79.4,83,0.047,994.3,3.2,True,False
AEP,15,19507.032,2022-08-05,2022,08,05,Friday,False,False,True,False,False,True,80.6,80,0.0,993.9,1.7,False,False
AEP,16,19508.54,2022-08-05,2022,08,05,Friday,False,False,True,False,False,True,81.2,78,0.0,992.9,0.8,False,False
AEP,17,19273.295,2022-08-05,2022,08,05,Friday,False,False,True,False,False,True,80.4,81,0.0,992.4,1.9,False,False
AEP,18,18766.009,2022-08-05,2022,08,05,Friday,False,False,True,False,False,True,79.5,86,0.0,992.1,1.7,False,False
AEP,19,18272.259,2022-08-05,2022,08,05,Friday,False,False,True,False,False,True,78.5,91,0.0,992.4,1.1,False,False
AEP,20,17627.811,2022-08-05,2022,08,05,Friday,False,False,True,False,False,True,77.0,93,0.0,992.5,1.7,False,False
AEP,21,17139.912,2022-08-05,2022,08,05,Friday,False,False,True,False,False,True,75.9,94,0.106,993.5,1.2,True,False
AEP,22,16236.614,2022-08-05,2022,08,05,Friday,False,False,True,False,False,True,74.5,97,0.224,993.6,1.2,True,False
AEP,23,15123.12,2022-08-05,2022,08,05,Friday,False,False,True,False,False,True,74.4,96,0.134,993.7,0.3,True,False
AP,0,5367.143,2022-08-05,2022,08,05,Friday,False,False,True,False,False,True,68.7,96,0.0,953.5,2.4,False,False
AP,1,5130.901,2022-08-05,2022,08,05,Friday,False,False,True,False,False,True,67.6,96,0.0,953.5,2.4,False,False
AP,2,4934.282,2022-08-05,2022,08,05,Friday,False,False,True,False,False,True,67.2,96,0.0,953.3,2.4,False,False
AP,3,4853.593,2022-08-05,2022,08,05,Friday,False,False,True,False,False,True,66.8,95,0.0,953.2,2.6,False,False
AP,4,4852.944,2022-08-05,2022,08,05,Friday,False,False,True,False,False,True,66.5,94,0.0,953.1,2.7,False,False
AP,5,4981.207,2022-08-05,2022,08,05,Friday,False,False,True,False,False,True,66.2,94,0.0,953.1,2.7,False,False
AP,6,5234.305,2022-08-05,2022,08,05,Friday,False,False,True,False,False,True,66.3,94,0.0,953.5,2.4,False,False
AP,7,5464.208000000001,2022-08-05,2022,08,05,Friday,False,False,True,False,False,True,69.1,92,0.0,954.6,2.1,False,False
AP,8,5721.998000000001,2022-08-05,2022,08,05,Friday,False,False,True,False,False,True,73.1,86,0.0,955.0,1.1,False,False
AP,9,6009.109,2022-08-05,2022,08,05,Friday,False,False,True,False,False,True,73.0,85,0.043,956.0,1.9,True,False
AP,10,6341.43,2022-08-05,2022,08,05,Friday,False,False,True,False,False,True,74.9,79,0.008,956.4,2.5,False,False
AP,11,6718.548000000002,2022-08-05,2022,08,05,Friday,False,False,True,False,False,True,77.1,75,0.0,956.5,3.4,False,False
AP,12,7075.446,2022-08-05,2022,08,05,Friday,False,False,True,False,False,True,79.1,72,0.0,955.9,3.0,False,False
AP,13,7343.934,2022-08-05,2022,08,05,Friday,False,False,True,False,False,True,81.6,70,0.0,956.4,3.2,False,False
AP,14,7444.986,2022-08-05,2022,08,05,Friday,False,False,True,False,False,True,82.0,67,0.0,956.2,3.6,False,False
AP,15,7541.789000000002,2022-08-05,2022,08,05,Friday,False,False,True,False,False,True,80.7,73,0.043,955.8,4.0,True,False
AP,16,7561.77,2022-08-05,2022,08,05,Friday,False,False,True,False,False,True,81.6,70,0.0,955.2,2.9,False,False
AP,17,7409.1309999999985,2022-08-05,2022,08,05,Friday,False,False,True,False,False,True,77.6,82,0.055,954.7,2.4,True,False
AP,18,7010.818,2022-08-05,2022,08,05,Friday,False,False,True,False,False,True,76.8,85,0.043,954.7,1.9,True,False
AP,19,6668.0,2022-08-05,2022,08,05,Friday,False,False,True,False,False,True,74.4,90,0.055,954.9,2.0,True,False
AP,20,6480.745,2022-08-05,2022,08,05,Friday,False,False,True,False,False,True,72.8,95,0.0,955.1,3.0,False,False
AP,21,6250.078,2022-08-05,2022,08,05,Friday,False,False,True,False,False,True,71.8,94,0.0,955.5,2.7,False,False
AP,22,5879.127,2022-08-05,2022,08,05,Friday,False,False,True,False,False,True,70.8,95,0.0,955.2,2.7,False,False
AP,23,5494.035,2022-08-05,2022,08,05,Friday,False,False,True,False,False,True,70.0,95,0.0,955.2,2.6,False,False
ATSI,0,8152.045999999999,2022-08-05,2022,08,05,Friday,False,False,True,False,False,True,77.2,91,0.0,1012.4,2.7,False,False
ATSI,1,7744.4879999999985,2022-08-05,2022,08,05,Friday,False,False,True,False,False,True,75.1,90,0.0,1013.3,2.2,False,False
ATSI,2,7458.4169999999995,2022-08-05,2022,08,05,Friday,False,False,True,False,False,True,74.7,91,0.0,1012.9,2.1,False,False
ATSI,3,7259.804,2022-08-05,2022,08,05,Friday,False,False,True,False,False,True,74.3,91,0.0,1012.8,1.8,False,False
ATSI,4,7288.452999999998,2022-08-05,2022,08,05,Friday,False,False,True,False,False,True,74.0,91,0.0,1012.6,1.8,False,False
ATSI,5,7517.431,2022-08-05,2022,08,05,Friday,False,False,True,False,False,True,73.8,91,0.0,1012.8,1.3,False,False
ATSI,6,7923.331,2022-08-05,2022,08,05,Friday,False,False,True,False,False,True,74.4,91,0.0,1013.1,1.1,False,False
ATSI,7,8338.4,2022-08-05,2022,08,05,Friday,False,False,True,False,False,True,75.5,88,0.0,1014.6,1.1,False,False
ATSI,8,8781.579,2022-08-05,2022,08,05,Friday,False,False,True,False,False,True,77.7,85,0.0,1014.6,3.4,False,False
ATSI,9,9282.414,2022-08-05,2022,08,05,Friday,False,False,True,False,False,True,79.8,79,0.0,1014.8,2.7,False,False
ATSI,10,9906.939,2022-08-05,2022,08,05,Friday,False,False,True,False,False,True,83.2,71,0.0,1015.0,2.4,False,False
ATSI,11,10608.02,2022-08-05,2022,08,05,Friday,False,False,True,False,False,True,85.9,64,0.0,1015.0,2.4,False,False
ATSI,12,11227.108999999999,2022-08-05,2022,08,05,Friday,False,False,True,False,False,True,88.0,60,0.0,1014.4,1.8,False,False
ATSI,13,11717.488000000001,2022-08-05,2022,08,05,Friday,False,False,True,False,False,True,88.8,59,0.0,1014.7,3.1,False,False
ATSI,14,11818.899,2022-08-05,2022,08,05,Friday,False,False,True,False,False,True,89.3,59,0.0,1014.1,3.5,False,False
ATSI,15,11496.732,2022-08-05,2022,08,05,Friday,False,False,True,False,False,True,87.0,66,0.02,1014.1,6.3,True,False
ATSI,16,11122.138,2022-08-05,2022,08,05,Friday,False,False,True,False,False,True,84.8,74,0.047,1013.5,4.0,True,False
ATSI,17,11009.893999999998,2022-08-05,2022,08,05,Friday,False,False,True,False,False,True,84.9,75,0.016,1013.5,4.5,True,False
ATSI,18,10767.24,2022-08-05,2022,08,05,Friday,False,False,True,False,False,True,83.5,78,0.028,1013.9,3.5,True,False
ATSI,19,10380.237,2022-08-05,2022,08,05,Friday,False,False,True,False,False,True,80.1,86,0.114,1014.6,4.1,True,False
ATSI,20,10007.329,2022-08-05,2022,08,05,Friday,False,False,True,False,False,True,79.1,88,0.004,1014.9,3.2,False,False
ATSI,21,9716.535,2022-08-05,2022,08,05,Friday,False,False,True,False,False,True,78.3,90,0.0,1015.4,4.4,False,False
ATSI,22,9129.141,2022-08-05,2022,08,05,Friday,False,False,True,False,False,True,77.5,90,0.0,1015.4,4.0,False,False
ATSI,23,8476.993,2022-08-05,2022,08,05,Friday,False,False,True,False,False,True,76.9,91,0.0,1015.7,1.9,False,False
BC,0,3648.775,2022-08-05,2022,08,05,Friday,False,False,True,False,False,True,69.5,87,0.0,995.1,3.6,False,False
BC,1,3457.62,2022-08-05,2022,08,05,Friday,False,False,True,False,False,True,68.5,90,0.0,995.2,3.4,False,False
BC,2,3318.766,2022-08-05,2022,08,05,Friday,False,False,True,False,False,True,68.1,89,0.0,995.0,2.6,False,False
BC,3,3253.71,2022-08-05,2022,08,05,Friday,False,False,True,False,False,True,68.0,88,0.0,995.2,2.5,False,False
BC,4,3246.075,2022-08-05,2022,08,05,Friday,False,False,True,False,False,True,68.2,87,0.0,995.1,2.7,False,False
BC,5,3356.753,2022-08-05,2022,08,05,Friday,False,False,True,False,False,True,68.1,87,0.0,994.9,2.9,False,False
BC,6,3488.825,2022-08-05,2022,08,05,Friday,False,False,True,False,False,True,68.2,87,0.0,995.2,3.1,False,False
BC,7,3680.974,2022-08-05,2022,08,05,Friday,False,False,True,False,False,True,69.9,85,0.0,995.8,3.4,False,False
BC,8,3889.719,2022-08-05,2022,08,05,Friday,False,False,True,False,False,True,72.7,80,0.0,996.3,4.4,False,False
BC,9,4163.37,2022-08-05,2022,08,05,Friday,False,False,True,False,False,True,75.4,73,0.0,996.2,4.4,False,False
BC,10,4472.2959999999985,2022-08-05,2022,08,05,Friday,False,False,True,False,False,True,77.8,67,0.0,996.5,4.5,False,False
BC,11,4776.245,2022-08-05,2022,08,05,Friday,False,False,True,False,False,True,80.2,63,0.0,996.6,5.0,False,False
BC,12,5063.319,2022-08-05,2022,08,05,Friday,False,False,True,False,False,True,82.4,58,0.0,996.2,5.0,False,False
BC,13,5306.46,2022-08-05,2022,08,05,Friday,False,False,True,False,False,True,84.0,61,0.0,995.9,4.7,False,False
BC,14,5495.099,2022-08-05,2022,08,05,Friday,False,False,True,False,False,True,85.3,58,0.0,995.6,5.8,False,False
BC,15,5674.383000000002,2022-08-05,2022,08,05,Friday,False,False,True,False,False,True,85.3,58,0.0,995.5,6.3,False,False
BC,16,5844.23,2022-08-05,2022,08,05,Friday,False,False,True,False,False,True,85.1,59,0.0,995.0,6.7,False,False
BC,17,5720.255,2022-08-05,2022,08,05,Friday,False,False,True,False,False,True,83.7,64,0.0,994.5,6.7,False,False
BC,18,5223.821,2022-08-05,2022,08,05,Friday,False,False,True,False,False,True,82.3,69,0.0,994.2,6.1,False,False
BC,19,4825.498,2022-08-05,2022,08,05,Friday,False,False,True,False,False,True,81.0,76,0.0,994.3,5.2,False,False
BC,20,4663.446,2022-08-05,2022,08,05,Friday,False,False,True,False,False,True,78.7,83,0.0,994.2,4.1,False,False
BC,21,4471.181,2022-08-05,2022,08,05,Friday,False,False,True,False,False,True,76.8,91,0.0,994.7,2.7,False,False
BC,22,4185.82,2022-08-05,2022,08,05,Friday,False,False,True,False,False,True,75.7,95,0.0,994.6,2.6,False,False
BC,23,3879.678,2022-08-05,2022,08,05,Friday,False,False,True,False,False,True,75.2,96,0.0,994.6,2.4,False,False
CE,0,11852.169,2022-08-05,2022,08,05,Friday,False,False,True,False,False,True,73.5,95,0.0,983.3,2.7,False,False
CE,1,11076.069,2022-08-05,2022,08,05,Friday,False,False,True,False,False,True,73.1,94,0.0,983.5,2.9,False,False
CE,2,10452.325,2022-08-05,2022,08,05,Friday,False,False,True,False,False,True,72.6,93,0.0,983.4,3.4,False,False
CE,3,10076.978,2022-08-05,2022,08,05,Friday,False,False,True,False,False,True,71.8,93,0.0,983.5,2.9,False,False
CE,4,9862.711,2022-08-05,2022,08,05,Friday,False,False,True,False,False,True,71.0,94,0.0,983.6,2.7,False,False
CE,5,9917.267,2022-08-05,2022,08,05,Friday,False,False,True,False,False,True,70.4,93,0.0,983.9,4.3,False,False
CE,6,10380.442,2022-08-05,2022,08,05,Friday,False,False,True,False,False,True,70.2,93,0.0,984.1,3.3,False,False
CE,7,10989.946000000002,2022-08-05,2022,08,05,Friday,False,False,True,False,False,True,72.1,92,0.0,984.4,1.5,False,False
CE,8,11877.712,2022-08-05,2022,08,05,Friday,False,False,True,False,False,True,73.3,89,0.047,984.7,2.8,True,False
CE,9,12856.763,2022-08-05,2022,08,05,Friday,False,False,True,False,False,True,74.5,85,0.094,985.0,3.6,True,False
CE,10,13833.59,2022-08-05,2022,08,05,Friday,False,False,True,False,False,True,74.9,85,0.035,985.4,4.9,True,False
CE,11,14945.696000000002,2022-08-05,2022,08,05,Friday,False,False,True,False,False,True,75.8,84,0.02,985.6,4.0,True,False
CE,12,15906.666,2022-08-05,2022,08,05,Friday,False,False,True,False,False,True,77.7,79,0.008,985.2,4.5,False,False
CE,13,16636.377,2022-08-05,2022,08,05,Friday,False,False,True,False,False,True,80.0,79,0.02,985.0,5.1,True,False
CE,14,17318.898,2022-08-05,2022,08,05,Friday,False,False,True,False,False,True,79.7,79,0.031,984.7,5.9,True,False
CE,15,17681.458,2022-08-05,2022,08,05,Friday,False,False,True,False,False,True,80.0,79,0.091,984.5,6.8,True,False
CE,16,17852.958,2022-08-05,2022,08,05,Friday,False,False,True,False,False,True,79.7,77,0.028,983.9,5.9,True,False
CE,17,17878.29,2022-08-05,2022,08,05,Friday,False,False,True,False,False,True,78.0,82,0.031,983.7,4.8,True,False
CE,18,17746.129,2022-08-05,2022,08,05,Friday,False,False,True,False,False,True,77.2,84,0.028,983.6,3.9,True,False
CE,19,17230.536,2022-08-05,2022,08,05,Friday,False,False,True,False,False,True,78.1,82,0.016,983.4,4.2,True,False
CE,20,16543.509,2022-08-05,2022,08,05,Friday,False,False,True,False,False,True,75.8,87,0.0,983.2,3.4,False,False
CE,21,15940.25,2022-08-05,2022,08,05,Friday,False,False,True,False,False,True,74.3,90,0.0,983.8,2.7,False,False
CE,22,15323.609,2022-08-05,2022,08,05,Friday,False,False,True,False,False,True,73.2,92,0.0,984.1,2.5,False,False
CE,23,14354.958,2022-08-05,2022,08,05,Friday,False,False,True,False,False,True,72.4,94,0.0,984.5,2.2,False,False
DAY,0,2000.0,2022-08-05,2022,08,05,Friday,False,False,True,False,False,True,72.3,93,0.028,988.4,2.1,True,False
DAY,1,1895.0,2022-08-05,2022,08,05,Friday,False,False,True,False,False,True,72.0,94,0.0,988.7,2.9,False,False
DAY,2,1814.0,2022-08-05,2022,08,05,Friday,False,False,True,False,False,True,71.7,95,0.035,988.5,2.6,True,False
DAY,3,1761.0,2022-08-05,2022,08,05,Friday,False,False,True,False,False,True,71.4,95,0.008,988.6,3.4,False,False
DAY,4,1765.0,2022-08-05,2022,08,05,Friday,False,False,True,False,False,True,71.1,94,0.035,988.7,2.5,True,False
DAY,5,1834.0,2022-08-05,2022,08,05,Friday,False,False,True,False,False,True,70.9,95,0.0,988.6,1.4,False,False
DAY,6,1974.0,2022-08-05,2022,08,05,Friday,False,False,True,False,False,True,70.7,96,0.0,988.9,1.3,False,False
DAY,7,2094.0,2022-08-05,2022,08,05,Friday,False,False,True,False,False,True,72.8,96,0.0,989.1,1.5,False,False
DAY,8,2234.0,2022-08-05,2022,08,05,Friday,False,False,True,False,False,True,74.3,91,0.0,989.7,3.4,False,False
DAY,9,2325.0,2022-08-05,2022,08,05,Friday,False,False,True,False,False,True,74.5,89,0.035,990.1,5.3,True,False
DAY,10,2451.0,2022-08-05,2022,08,05,Friday,False,False,True,False,False,True,74.3,89,0.02,990.2,5.5,True,False
DAY,11,2539.0,2022-08-05,2022,08,05,Friday,False,False,True,False,False,True,74.9,88,0.024,990.5,6.2,True,False
DAY,12,2657.0,2022-08-05,2022,08,05,Friday,False,False,True,False,False,True,75.5,86,0.008,990.1,6.5,False,False
DAY,13,2749.0,2022-08-05,2022,08,05,Friday,False,False,True,False,False,True,77.7,84,0.004,989.9,7.3,False,False
DAY,14,2833.0,2022-08-05,2022,08,05,Friday,False,False,True,False,False,True,76.9,85,0.087,989.8,7.7,True,False
DAY,15,2856.0,2022-08-05,2022,08,05,Friday,False,False,True,False,False,True,77.7,82,0.008,989.6,7.5,True,False
DAY,16,2871.0,2022-08-05,2022,08,05,Friday,False,False,True,False,False,True,76.8,83,0.004,988.9,6.4,False,False
DAY,17,2871.0,2022-08-05,2022,08,05,Friday,False,False,True,False,False,True,76.4,85,0.02,988.4,5.1,True,False
DAY,18,2836.0,2022-08-05,2022,08,05,Friday,False,False,True,False,False,True,76.0,85,0.012,988.3,4.3,True,False
DAY,19,2745.0,2022-08-05,2022,08,05,Friday,False,False,True,False,False,True,76.9,86,0.0,988.4,2.9,False,False
DAY,20,2619.0,2022-08-05,2022,08,05,Friday,False,False,True,False,False,True,75.2,90,0.004,988.4,2.5,False,False
DAY,21,2522.0,2022-08-05,2022,08,05,Friday,False,False,True,False,False,True,74.0,91,0.0,988.8,3.6,False,False
DAY,22,2366.0,2022-08-05,2022,08,05,Friday,False,False,True,False,False,True,73.6,91,0.0,988.9,3.1,False,False
DAY,23,2175.0,2022-08-05,2022,08,05,Friday,False,False,True,False,False,True,72.9,93,0.0,989.3,2.6,False,False
DEOK,0,3105.9640000000004,2022-08-05,2022,08,05,Friday,False,False,True,False,False,True,78.1,90,0.0,1013.8,3.0,False,False
DEOK,1,2987.08,2022-08-05,2022,08,05,Friday,False,False,True,False,False,True,77.0,91,0.0,1014.6,0.5,False,False
DEOK,2,2872.949,2022-08-05,2022,08,05,Friday,False,False,True,False,False,True,76.1,92,0.0,1014.4,2.0,False,False
DEOK,3,2834.382,2022-08-05,2022,08,05,Friday,False,False,True,False,False,True,75.4,92,0.0,1014.1,2.2,False,False
DEOK,4,2846.175,2022-08-05,2022,08,05,Friday,False,False,True,False,False,True,75.1,92,0.0,1014.0,2.2,False,False
DEOK,5,2936.322,2022-08-05,2022,08,05,Friday,False,False,True,False,False,True,74.8,91,0.0,1014.1,2.1,False,False
DEOK,6,3086.633,2022-08-05,2022,08,05,Friday,False,False,True,False,False,True,75.0,91,0.0,1014.4,2.3,False,False
DEOK,7,3219.289,2022-08-05,2022,08,05,Friday,False,False,True,False,False,True,77.4,86,0.0,1015.6,3.3,False,False
DEOK,8,3419.4709999999995,2022-08-05,2022,08,05,Friday,False,False,True,False,False,True,80.0,80,0.0,1015.6,4.5,False,False
DEOK,9,3516.512,2022-08-05,2022,08,05,Friday,False,False,True,False,False,True,82.6,76,0.0,1016.0,4.8,False,False
DEOK,10,3553.775,2022-08-05,2022,08,05,Friday,False,False,True,False,False,True,85.4,71,0.0,1016.2,5.0,False,False
DEOK,11,3568.252,2022-08-05,2022,08,05,Friday,False,False,True,False,False,True,88.4,66,0.0,1016.1,5.2,False,False
DEOK,12,3658.291,2022-08-05,2022,08,05,Friday,False,False,True,False,False,True,88.0,66,0.031,1015.9,5.7,True,False
DEOK,13,3827.65,2022-08-05,2022,08,05,Friday,False,False,True,False,False,True,90.6,60,0.0,1015.6,6.7,False,False
DEOK,14,3989.501,2022-08-05,2022,08,05,Friday,False,False,True,False,False,True,91.7,57,0.0,1015.3,6.3,False,False
DEOK,15,4114.448,2022-08-05,2022,08,05,Friday,False,False,True,False,False,True,88.5,65,0.028,1014.8,7.0,True,False
DEOK,16,4208.835,2022-08-05,2022,08,05,Friday,False,False,True,False,False,True,86.0,72,0.024,1014.8,4.9,True,False
DEOK,17,4258.26,2022-08-05,2022,08,05,Friday,False,False,True,False,False,True,81.8,84,0.138,1015.4,3.3,True,False
DEOK,18,4187.747,2022-08-05,2022,08,05,Friday,False,False,True,False,False,True,80.2,85,0.059,1015.6,4.7,True,False
DEOK,19,4041.873,2022-08-05,2022,08,05,Friday,False,False,True,False,False,True,77.8,92,0.0,1016.4,2.2,False,False
DEOK,20,3875.378,2022-08-05,2022,08,05,Friday,False,False,True,False,False,True,77.5,91,0.0,1016.6,2.7,False,False
DEOK,21,3761.218,2022-08-05,2022,08,05,Friday,False,False,True,False,False,True,76.6,90,0.0,1017.0,1.6,False,False
DEOK,22,3580.1040000000007,2022-08-05,2022,08,05,Friday,False,False,True,False,False,True,75.9,90,0.0,1016.8,1.4,False,False
DEOK,23,3364.086,2022-08-05,2022,08,05,Friday,False,False,True,False,False,True,75.1,92,0.0,1016.7,2.0,False,False
DOM,0,13625.795,2022-08-05,2022,08,05,Friday,False,False,True,False,False,True,77.6,90,0.0,1020.1,3.2,False,False
DOM,1,13010.096,2022-08-05,2022,08,05,Friday,False,False,True,False,False,True,76.9,92,0.0,1020.4,2.8,False,False
DOM,2,12585.07,2022-08-05,2022,08,05,Friday,False,False,True,False,False,True,76.2,95,0.0,1020.4,2.5,False,False
DOM,3,12230.627,2022-08-05,2022,08,05,Friday,False,False,True,False,False,True,75.9,96,0.0,1020.0,2.3,False,False
DOM,4,12158.28,2022-08-05,2022,08,05,Friday,False,False,True,False,False,True,75.5,95,0.0,1020.0,2.1,False,False
DOM,5,12467.233,2022-08-05,2022,08,05,Friday,False,False,True,False,False,True,75.3,94,0.0,1019.8,1.4,False,False
DOM,6,12941.102,2022-08-05,2022,08,05,Friday,False,False,True,False,False,True,75.5,94,0.0,1020.2,0.7,False,False
DOM,7,13567.034,2022-08-05,2022,08,05,Friday,False,False,True,False,False,True,78.3,90,0.0,1021.6,1.6,False,False
DOM,8,14217.075,2022-08-05,2022,08,05,Friday,False,False,True,False,False,True,81.7,82,0.0,1021.9,3.1,False,False
DOM,9,14946.933,2022-08-05,2022,08,05,Friday,False,False,True,False,False,True,83.9,75,0.0,1022.1,4.3,False,False
DOM,10,15836.034,2022-08-05,2022,08,05,Friday,False,False,True,False,False,True,84.1,74,0.012,1022.3,5.7,True,False
DOM,11,16976.691000000006,2022-08-05,2022,08,05,Friday,False,False,True,False,False,True,85.7,68,0.008,1022.2,5.8,False,False
DOM,12,18124.378,2022-08-05,2022,08,05,Friday,False,False,True,False,False,True,88.4,59,0.0,1021.7,5.9,False,False
DOM,13,19033.362,2022-08-05,2022,08,05,Friday,False,False,True,False,False,True,89.6,56,0.0,1021.4,7.2,False,False
DOM,14,19501.465,2022-08-05,2022,08,05,Friday,False,False,True,False,False,True,89.3,56,0.0,1021.2,7.7,False,False
DOM,15,19379.35,2022-08-05,2022,08,05,Friday,False,False,True,False,False,True,88.4,58,0.0,1021.0,8.5,False,False
DOM,16,18792.976,2022-08-05,2022,08,05,Friday,False,False,True,False,False,True,86.9,59,0.0,1020.4,8.8,False,False
DOM,17,17951.092,2022-08-05,2022,08,05,Friday,False,False,True,False,False,True,85.3,61,0.0,1020.2,8.1,False,False
DOM,18,17341.754,2022-08-05,2022,08,05,Friday,False,False,True,False,False,True,83.4,71,0.0,1020.6,6.6,False,False
DOM,19,16715.963,2022-08-05,2022,08,05,Friday,False,False,True,False,False,True,82.4,76,0.0,1021.1,4.5,False,False
DOM,20,16156.132,2022-08-05,2022,08,05,Friday,False,False,True,False,False,True,80.4,83,0.0,1021.5,2.9,False,False
DOM,21,15467.313,2022-08-05,2022,08,05,Friday,False,False,True,False,False,True,79.3,88,0.0,1021.8,2.6,False,False
DOM,22,14615.71,2022-08-05,2022,08,05,Friday,False,False,True,False,False,True,78.8,90,0.0,1021.9,2.4,False,False
DOM,23,13695.766,2022-08-05,2022,08,05,Friday,False,False,True,False,False,True,78.3,91,0.0,1021.9,2.7,False,False
DPL,0,2338.757,2022-08-05,2022,08,05,Friday,False,False,True,False,False,True,71.0,96,0.094,979.3,2.7,True,False
DPL,1,2175.031,2022-08-05,2022,08,05,Friday,False,False,True,False,False,True,70.4,93,0.004,979.6,3.3,False,False
DPL,2,2065.006,2022-08-05,2022,08,05,Friday,False,False,True,False,False,True,70.4,93,0.0,979.3,1.8,False,False
DPL,3,2011.769,2022-08-05,2022,08,05,Friday,False,False,True,False,False,True,70.0,94,0.0,979.5,1.3,False,False
DPL,4,2007.395,2022-08-05,2022,08,05,Friday,False,False,True,False,False,True,69.7,94,0.016,979.5,0.5,True,False
DPL,5,2075.484000000001,2022-08-05,2022,08,05,Friday,False,False,True,False,False,True,69.4,95,0.028,979.8,1.4,True,False
DPL,6,2169.0879999999997,2022-08-05,2022,08,05,Friday,False,False,True,False,False,True,69.4,96,0.008,980.1,1.2,True,False
DPL,7,2304.72,2022-08-05,2022,08,05,Friday,False,False,True,False,False,True,70.4,94,0.012,981.2,1.8,True,False
DPL,8,2463.903,2022-08-05,2022,08,05,Friday,False,False,True,False,False,True,71.7,93,0.028,981.5,1.8,True,False
DPL,9,2640.416,2022-08-05,2022,08,05,Friday,False,False,True,False,False,True,74.8,85,0.0,981.6,3.7,False,False
DPL,10,2847.5090000000005,2022-08-05,2022,08,05,Friday,False,False,True,False,False,True,76.8,82,0.0,981.8,2.8,False,False
DPL,11,3042.364,2022-08-05,2022,08,05,Friday,False,False,True,False,False,True,78.5,78,0.0,982.3,2.9,False,False
DPL,12,3216.263,2022-08-05,2022,08,05,Friday,False,False,True,False,False,True,78.6,79,0.012,981.9,5.1,True,False
DPL,13,3368.4509999999996,2022-08-05,2022,08,05,Friday,False,False,True,False,False,True,81.8,71,0.02,982.1,5.9,True,False
DPL,14,3469.746,2022-08-05,2022,08,05,Friday,False,False,True,False,False,True,82.0,71,0.0,981.8,6.0,False,False
DPL,15,3472.978,2022-08-05,2022,08,05,Friday,False,False,True,False,False,True,83.0,70,0.016,981.3,6.1,True,False
DPL,16,3425.396,2022-08-05,2022,08,05,Friday,False,False,True,False,False,True,81.9,72,0.012,980.7,5.8,True,False
DPL,17,3399.7499999999995,2022-08-05,2022,08,05,Friday,False,False,True,False,False,True,78.8,81,0.055,980.9,4.9,True,False
DPL,18,3315.067,2022-08-05,2022,08,05,Friday,False,False,True,False,False,True,77.7,83,0.028,980.5,3.1,True,False
DPL,19,3150.945,2022-08-05,2022,08,05,Friday,False,False,True,False,False,True,76.7,88,0.0,980.6,2.1,False,False
DPL,20,3036.853,2022-08-05,2022,08,05,Friday,False,False,True,False,False,True,74.7,92,0.02,980.7,2.0,True,False
DPL,21,2897.157,2022-08-05,2022,08,05,Friday,False,False,True,False,False,True,73.5,95,0.0,981.2,1.8,False,False
DPL,22,2678.4700000000007,2022-08-05,2022,08,05,Friday,False,False,True,False,False,True,72.7,96,0.0,981.1,1.9,False,False
DPL,23,2443.623,2022-08-05,2022,08,05,Friday,False,False,True,False,False,True,72.1,97,0.0,981.4,1.7,False,False
DUQ,0,1651.821,2022-08-05,2022,08,05,Friday,False,False,True,False,False,True,74.4,88,0.0,984.6,2.6,False,False
DUQ,1,1578.79,2022-08-05,2022,08,05,Friday,False,False,True,False,False,True,74.8,88,0.004,985.1,1.1,False,False
DUQ,2,1528.678,2022-08-05,2022,08,05,Friday,False,False,True,False,False,True,73.8,90,0.047,985.1,2.4,True,False
DUQ,3,1472.401,2022-08-05,2022,08,05,Friday,False,False,True,False,False,True,73.2,92,0.035,985.1,2.1,True,False
DUQ,4,1489.858,2022-08-05,2022,08,05,Friday,False,False,True,False,False,True,72.6,93,0.043,985.3,1.8,True,False
DUQ,5,1545.686,2022-08-05,2022,08,05,Friday,False,False,True,False,False,True,72.3,92,0.016,984.9,3.2,True,False
DUQ,6,1622.9779999999996,2022-08-05,2022,08,05,Friday,False,False,True,False,False,True,71.8,93,0.02,985.4,2.7,True,False
DUQ,7,1680.6270000000004,2022-08-05,2022,08,05,Friday,False,False,True,False,False,True,73.0,91,0.028,985.8,1.9,True,False
DUQ,8,1775.31,2022-08-05,2022,08,05,Friday,False,False,True,False,False,True,73.1,91,0.059,986.3,2.7,True,False
DUQ,9,1881.924,2022-08-05,2022,08,05,Friday,False,False,True,False,False,True,74.1,90,0.047,986.4,4.4,True,False
DUQ,10,2047.499,2022-08-05,2022,08,05,Friday,False,False,True,False,False,True,74.4,89,0.035,986.7,5.4,True,False
DUQ,11,2183.137,2022-08-05,2022,08,05,Friday,False,False,True,False,False,True,74.5,90,0.071,987.3,5.1,True,False
DUQ,12,2293.559,2022-08-05,2022,08,05,Friday,False,False,True,False,False,True,74.9,89,0.047,987.1,5.3,True,False
DUQ,13,2373.684,2022-08-05,2022,08,05,Friday,False,False,True,False,False,True,75.3,89,0.031,986.8,4.1,True,False
DUQ,14,2323.222,2022-08-05,2022,08,05,Friday,False,False,True,False,False,True,75.6,90,0.035,986.5,3.2,True,False
DUQ,15,2374.002,2022-08-05,2022,08,05,Friday,False,False,True,False,False,True,75.8,90,0.071,986.1,1.4,True,False
DUQ,16,2415.388,2022-08-05,2022,08,05,Friday,False,False,True,False,False,True,75.4,91,0.087,985.5,0.9,True,False
DUQ,17,2315.051,2022-08-05,2022,08,05,Friday,False,False,True,False,False,True,75.7,90,0.063,985.2,2.2,True,False
DUQ,18,2146.69,2022-08-05,2022,08,05,Friday,False,False,True,False,False,True,75.9,90,0.004,984.8,2.2,False,False
DUQ,19,2052.783,2022-08-05,2022,08,05,Friday,False,False,True,False,False,True,76.3,90,0.0,985.1,3.6,False,False
DUQ,20,1973.58,2022-08-05,2022,08,05,Friday,False,False,True,False,False,True,75.7,92,0.039,985.2,4.3,True,False
DUQ,21,1913.899,2022-08-05,2022,08,05,Friday,False,False,True,False,False,True,75.1,93,0.0,985.7,6.7,False,False
DUQ,22,1811.504,2022-08-05,2022,08,05,Friday,False,False,True,False,False,True,73.8,91,0.055,985.7,5.1,True,False
DUQ,23,1712.302,2022-08-05,2022,08,05,Friday,False,False,True,False,False,True,73.4,92,0.075,986.1,5.8,True,False
EKPC,0,1452.612,2022-08-05,2022,08,05,Friday,False,False,True,False,False,True,77.7,85,0.0,1017.5,3.2,False,False
EKPC,1,1370.4589999999996,2022-08-05,2022,08,05,Friday,False,False,True,False,False,True,78.8,70,0.0,1017.6,2.9,False,False
EKPC,2,1325.908,2022-08-05,2022,08,05,Friday,False,False,True,False,False,True,77.4,73,0.0,1017.7,3.0,False,False
EKPC,3,1268.939,2022-08-05,2022,08,05,Friday,False,False,True,False,False,True,76.5,75,0.0,1017.7,2.7,False,False
EKPC,4,1276.401,2022-08-05,2022,08,05,Friday,False,False,True,False,False,True,75.9,77,0.0,1017.7,2.2,False,False
EKPC,5,1233.513,2022-08-05,2022,08,05,Friday,False,False,True,False,False,True,75.1,81,0.0,1018.2,2.4,False,False
EKPC,6,1294.733,2022-08-05,2022,08,05,Friday,False,False,True,False,False,True,75.6,82,0.0,1018.6,2.2,False,False
EKPC,7,1324.0220000000004,2022-08-05,2022,08,05,Friday,False,False,True,False,False,True,78.1,70,0.0,1019.8,2.9,False,False
EKPC,8,1356.204,2022-08-05,2022,08,05,Friday,False,False,True,False,False,True,80.8,66,0.0,1019.8,3.0,False,False
EKPC,9,1417.787,2022-08-05,2022,08,05,Friday,False,False,True,False,False,True,84.1,60,0.0,1020.1,3.4,False,False
EKPC,10,1534.726,2022-08-05,2022,08,05,Friday,False,False,True,False,False,True,87.0,55,0.0,1020.0,3.2,False,False
EKPC,11,1573.516,2022-08-05,2022,08,05,Friday,False,False,True,False,False,True,89.8,51,0.0,1020.0,3.8,False,False
EKPC,12,1642.253,2022-08-05,2022,08,05,Friday,False,False,True,False,False,True,91.5,47,0.0,1019.5,4.6,False,False
EKPC,13,1660.352,2022-08-05,2022,08,05,Friday,False,False,True,False,False,True,90.5,51,0.0,1020.0,4.6,False,False
EKPC,14,1660.12,2022-08-05,2022,08,05,Friday,False,False,True,False,False,True,90.7,50,0.0,1019.8,5.8,False,False
EKPC,15,1680.016,2022-08-05,2022,08,05,Friday,False,False,True,False,False,True,91.3,48,0.004,1019.6,5.2,False,False
EKPC,16,1725.812,2022-08-05,2022,08,05,Friday,False,False,True,False,False,True,91.1,48,0.0,1019.0,4.0,False,False
EKPC,17,1794.237,2022-08-05,2022,08,05,Friday,False,False,True,False,False,True,89.6,51,0.0,1019.1,4.3,False,False
EKPC,18,1818.924,2022-08-05,2022,08,05,Friday,False,False,True,False,False,True,86.0,64,0.004,1019.8,5.1,False,False
EKPC,19,1793.082,2022-08-05,2022,08,05,Friday,False,False,True,False,False,True,82.3,74,0.0,1020.4,5.9,False,False
EKPC,20,1757.305,2022-08-05,2022,08,05,Friday,False,False,True,False,False,True,80.0,81,0.0,1021.3,5.0,False,False
EKPC,21,1747.79,2022-08-05,2022,08,05,Friday,False,False,True,False,False,True,78.1,84,0.008,1021.8,6.2,True,False
EKPC,22,1659.539,2022-08-05,2022,08,05,Friday,False,False,True,False,False,True,76.7,85,0.059,1021.9,4.3,True,False
EKPC,23,1480.546,2022-08-05,2022,08,05,Friday,False,False,True,False,False,True,76.6,85,0.024,1021.7,2.5,True,False
JC,0,3511.2090000000007,2022-08-05,2022,08,05,Friday,False,False,True,False,False,True,74.0,96,0.0,1009.0,0.4,False,False
JC,1,3232.218,2022-08-05,2022,08,05,Friday,False,False,True,False,False,True,72.2,96,0.0,1009.6,0.6,False,False
JC,2,3024.186,2022-08-05,2022,08,05,Friday,False,False,True,False,False,True,72.1,97,0.0,1009.3,0.2,False,False
JC,3,2879.711,2022-08-05,2022,08,05,Friday,False,False,True,False,False,True,71.8,97,0.0,1009.4,0.8,False,False
JC,4,2821.308,2022-08-05,2022,08,05,Friday,False,False,True,False,False,True,71.8,97,0.0,1009.3,0.9,False,False
JC,5,2862.396,2022-08-05,2022,08,05,Friday,False,False,True,False,False,True,71.4,98,0.0,1009.5,2.2,False,False
JC,6,2930.7140000000004,2022-08-05,2022,08,05,Friday,False,False,True,False,False,True,71.4,99,0.0,1009.9,0.8,False,False
JC,7,3103.7470000000008,2022-08-05,2022,08,05,Friday,False,False,True,False,False,True,75.1,92,0.016,1011.2,0.9,True,False
JC,8,3347.095,2022-08-05,2022,08,05,Friday,False,False,True,False,False,True,77.1,87,0.0,1011.1,1.8,False,False
JC,9,3553.348,2022-08-05,2022,08,05,Friday,False,False,True,False,False,True,79.4,81,0.0,1011.4,1.7,False,False
JC,10,3726.655,2022-08-05,2022,08,05,Friday,False,False,True,False,False,True,81.6,76,0.0,1011.4,2.5,False,False
JC,11,4070.802,2022-08-05,2022,08,05,Friday,False,False,True,False,False,True,83.9,72,0.0,1011.7,2.8,False,False
JC,12,4471.922000000001,2022-08-05,2022,08,05,Friday,False,False,True,False,False,True,86.0,67,0.0,1011.1,2.9,False,False
JC,13,4716.473,2022-08-05,2022,08,05,Friday,False,False,True,False,False,True,86.8,64,0.0,1011.4,1.8,False,False
JC,14,4882.228,2022-08-05,2022,08,05,Friday,False,False,True,False,False,True,87.5,62,0.0,1011.1,2.4,False,False
JC,15,5164.371,2022-08-05,2022,08,05,Friday,False,False,True,False,False,True,88.1,60,0.0,1010.5,2.4,False,False
JC,16,5406.3719999999985,2022-08-05,2022,08,05,Friday,False,False,True,False,False,True,87.8,59,0.0,1009.5,1.4,False,False
JC,17,5356.4940000000015,2022-08-05,2022,08,05,Friday,False,False,True,False,False,True,87.4,59,0.0,1009.6,2.4,False,False
JC,18,5033.351,2022-08-05,2022,08,05,Friday,False,False,True,False,False,True,80.2,81,0.051,1010.9,3.5,True,False
JC,19,4691.375,2022-08-05,2022,08,05,Friday,False,False,True,False,False,True,78.8,86,0.071,1011.1,3.2,True,False
JC,20,4431.346,2022-08-05,2022,08,05,Friday,False,False,True,False,False,True,77.5,88,0.079,1011.9,1.2,True,False
JC,21,4148.706,2022-08-05,2022,08,05,Friday,False,False,True,False,False,True,76.4,90,0.091,1012.3,0.7,True,False
JC,22,3853.304,2022-08-05,2022,08,05,Friday,False,False,True,False,False,True,75.7,91,0.043,1012.4,1.4,True,False
JC,23,3523.734000000001,2022-08-05,2022,08,05,Friday,False,False,True,False,False,True,74.9,92,0.02,1012.7,1.9,True,False
ME,0,1918.521,2022-08-05,2022,08,05,Friday,False,False,True,False,False,True,72.2,93,0.0,990.7,4.4,False,False
ME,1,1824.393,2022-08-05,2022,08,05,Friday,False,False,True,False,False,True,71.5,94,0.0,990.7,3.6,False,False
ME,2,1756.121,2022-08-05,2022,08,05,Friday,False,False,True,False,False,True,70.8,96,0.0,990.6,3.3,False,False
ME,3,1714.1370000000004,2022-08-05,2022,08,05,Friday,False,False,True,False,False,True,70.8,95,0.091,991.2,2.8,True,False
ME,4,1708.4679999999996,2022-08-05,2022,08,05,Friday,False,False,True,False,False,True,70.6,96,0.083,991.3,2.8,True,False
ME,5,1767.392,2022-08-05,2022,08,05,Friday,False,False,True,False,False,True,70.6,96,0.059,991.4,2.6,True,False
ME,6,1852.5,2022-08-05,2022,08,05,Friday,False,False,True,False,False,True,70.4,97,0.016,991.8,2.1,True,False
ME,7,1957.935,2022-08-05,2022,08,05,Friday,False,False,True,False,False,True,72.3,96,0.0,992.5,2.0,False,False
ME,8,2048.931,2022-08-05,2022,08,05,Friday,False,False,True,False,False,True,74.5,89,0.0,992.5,3.5,False,False
ME,9,2125.825,2022-08-05,2022,08,05,Friday,False,False,True,False,False,True,76.5,85,0.0,992.6,3.3,False,False
ME,10,2232.459,2022-08-05,2022,08,05,Friday,False,False,True,False,False,True,76.9,85,0.067,993.1,0.5,True,False
ME,11,2349.204,2022-08-05,2022,08,05,Friday,False,False,True,False,False,True,77.3,85,0.087,993.6,1.7,True,False
ME,12,2437.245,2022-08-05,2022,08,05,Friday,False,False,True,False,False,True,78.8,84,0.024,993.3,1.6,True,False
ME,13,2535.166,2022-08-05,2022,08,05,Friday,False,False,True,False,False,True,85.1,68,0.004,992.9,1.4,False,False
ME,14,2608.926,2022-08-05,2022,08,05,Friday,False,False,True,False,False,True,85.1,66,0.004,992.9,3.4,False,False
ME,15,2678.657,2022-08-05,2022,08,05,Friday,False,False,True,False,False,True,78.7,80,0.098,992.8,4.3,True,False
ME,16,2726.821,2022-08-05,2022,08,05,Friday,False,False,True,False,False,True,77.3,81,0.083,992.8,3.2,True,False
ME,17,2728.171,2022-08-05,2022,08,05,Friday,False,False,True,False,False,True,78.3,79,0.0,992.2,2.5,False,False
ME,18,2654.943,2022-08-05,2022,08,05,Friday,False,False,True,False,False,True,78.5,79,0.0,991.8,3.1,False,False
ME,19,2511.742,2022-08-05,2022,08,05,Friday,False,False,True,False,False,True,77.0,89,0.0,991.6,2.5,False,False
ME,20,2375.431,2022-08-05,2022,08,05,Friday,False,False,True,False,False,True,75.1,93,0.0,991.7,3.1,False,False
ME,21,2255.581,2022-08-05,2022,08,05,Friday,False,False,True,False,False,True,74.2,94,0.0,992.2,2.9,False,False
ME,22,2086.586,2022-08-05,2022,08,05,Friday,False,False,True,False,False,True,73.2,95,0.0,992.4,3.0,False,False
ME,23,1928.637,2022-08-05,2022,08,05,Friday,False,False,True,False,False,True,72.6,95,0.0,992.6,3.1,False,False
OVEC,0,43.0,2022-08-05,2022,08,05,Friday,False,False,True,False,False,True,73.4,94,0.0,990.3,3.1,False,False
OVEC,1,32.0,2022-08-05,2022,08,05,Friday,False,False,True,False,False,True,72.9,92,0.0,990.5,3.2,False,False
OVEC,2,35.0,2022-08-05,2022,08,05,Friday,False,False,True,False,False,True,72.6,91,0.0,990.5,4.3,False,False
OVEC,3,33.0,2022-08-05,2022,08,05,Friday,False,False,True,False,False,True,71.8,91,0.0,990.5,2.9,False,False
OVEC,4,35.0,2022-08-05,2022,08,05,Friday,False,False,True,False,False,True,71.0,92,0.0,990.7,3.8,False,False
OVEC,5,38.0,2022-08-05,2022,08,05,Friday,False,False,True,False,False,True,70.6,92,0.004,990.9,3.6,False,False
OVEC,6,39.0,2022-08-05,2022,08,05,Friday,False,False,True,False,False,True,70.5,93,0.0,991.0,1.9,False,False
OVEC,7,42.0,2022-08-05,2022,08,05,Friday,False,False,True,False,False,True,72.5,90,0.0,991.7,2.6,False,False
OVEC,8,39.0,2022-08-05,2022,08,05,Friday,False,False,True,False,False,True,74.2,86,0.008,992.0,2.6,False,False
OVEC,9,51.0,2022-08-05,2022,08,05,Friday,False,False,True,False,False,True,75.8,82,0.012,992.2,3.8,True,False
OVEC,10,54.0,2022-08-05,2022,08,05,Friday,False,False,True,False,False,True,76.4,79,0.012,992.6,5.0,True,False
OVEC,11,47.0,2022-08-05,2022,08,05,Friday,False,False,True,False,False,True,76.4,79,0.043,993.0,3.6,True,False
OVEC,12,46.0,2022-08-05,2022,08,05,Friday,False,False,True,False,False,True,76.5,82,0.075,992.7,2.7,True,False
OVEC,13,44.0,2022-08-05,2022,08,05,Friday,False,False,True,False,False,True,80.3,80,0.039,992.5,4.5,True,False
OVEC,14,50.0,2022-08-05,2022,08,05,Friday,False,False,True,False,False,True,79.0,84,0.134,991.8,6.8,True,False
OVEC,15,49.0,2022-08-05,2022,08,05,Friday,False,False,True,False,False,True,78.8,84,0.134,991.8,7.4,True,False
OVEC,16,48.0,2022-08-05,2022,08,05,Friday,False,False,True,False,False,True,80.1,80,0.004,991.3,6.7,False,False
OVEC,17,47.0,2022-08-05,2022,08,05,Friday,False,False,True,False,False,True,79.7,81,0.016,991.1,5.0,True,False
OVEC,18,54.0,2022-08-05,2022,08,05,Friday,False,False,True,False,False,True,77.9,85,0.067,990.8,4.6,True,False
OVEC,19,47.0,2022-08-05,2022,08,05,Friday,False,False,True,False,False,True,77.7,86,0.047,990.7,4.6,True,False
OVEC,20,56.0,2022-08-05,2022,08,05,Friday,False,False,True,False,False,True,75.5,91,0.031,990.9,3.5,True,False
OVEC,21,48.0,2022-08-05,2022,08,05,Friday,False,False,True,False,False,True,74.4,93,0.0,991.3,3.2,False,False
OVEC,22,42.0,2022-08-05,2022,08,05,Friday,False,False,True,False,False,True,73.8,94,0.0,991.5,3.0,False,False
OVEC,23,40.0,2022-08-05,2022,08,05,Friday,False,False,True,False,False,True,73.3,95,0.0,991.8,3.0,False,False
PE,0,5236.147,2022-08-05,2022,08,05,Friday,False,False,True,False,False,True,77.9,93,0.0,1018.4,3.1,False,False
PE,1,4960.016,2022-08-05,2022,08,05,Friday,False,False,True,False,False,True,76.7,91,0.0,1018.9,3.8,False,False
PE,2,4704.865,2022-08-05,2022,08,05,Friday,False,False,True,False,False,True,76.3,93,0.0,1018.8,3.7,False,False
PE,3,4579.905,2022-08-05,2022,08,05,Friday,False,False,True,False,False,True,75.7,94,0.0,1018.8,3.7,False,False
PE,4,4563.236,2022-08-05,2022,08,05,Friday,False,False,True,False,False,True,75.5,95,0.0,1018.7,3.4,False,False
PE,5,4675.97,2022-08-05,2022,08,05,Friday,False,False,True,False,False,True,75.4,96,0.0,1019.1,3.2,False,False
PE,6,4879.382000000001,2022-08-05,2022,08,05,Friday,False,False,True,False,False,True,75.9,94,0.0,1019.5,2.7,False,False
PE,7,5176.974,2022-08-05,2022,08,05,Friday,False,False,True,False,False,True,76.4,88,0.0,1020.9,4.3,False,False
PE,8,5443.587,2022-08-05,2022,08,05,Friday,False,False,True,False,False,True,78.0,83,0.0,1020.8,4.1,False,False
PE,9,5592.116,2022-08-05,2022,08,05,Friday,False,False,True,False,False,True,80.1,79,0.0,1021.2,4.3,False,False
PE,10,5821.795,2022-08-05,2022,08,05,Friday,False,False,True,False,False,True,83.0,71,0.0,1021.3,5.2,False,False
PE,11,6050.646,2022-08-05,2022,08,05,Friday,False,False,True,False,False,True,85.6,65,0.0,1021.3,5.7,False,False
PE,12,6356.432,2022-08-05,2022,08,05,Friday,False,False,True,False,False,True,87.8,59,0.0,1020.6,6.0,False,False
PE,13,6571.441999999999,2022-08-05,2022,08,05,Friday,False,False,True,False,False,True,88.2,57,0.0,1020.8,5.5,False,False
PE,14,6875.776,2022-08-05,2022,08,05,Friday,False,False,True,False,False,True,89.7,56,0.0,1020.4,5.7,False,False
PE,15,7081.643,2022-08-05,2022,08,05,Friday,False,False,True,False,False,True,88.5,62,0.004,1020.3,7.1,False,False
PE,16,7278.376999999998,2022-08-05,2022,08,05,Friday,False,False,True,False,False,True,88.1,64,0.008,1019.6,6.1,True,False
PE,17,7288.701999999998,2022-08-05,2022,08,05,Friday,False,False,True,False,False,True,86.6,67,0.004,1019.6,6.5,False,False
PE,18,7163.762,2022-08-05,2022,08,05,Friday,False,False,True,False,False,True,84.2,75,0.02,1020.0,5.7,True,False
PE,19,6838.934,2022-08-05,2022,08,05,Friday,False,False,True,False,False,True,82.5,77,0.016,1020.5,5.5,True,False
PE,20,6626.526,2022-08-05,2022,08,05,Friday,False,False,True,False,False,True,80.1,84,0.016,1021.3,4.5,True,False
PE,21,6342.64,2022-08-05,2022,08,05,Friday,False,False,True,False,False,True,78.9,88,0.0,1021.8,3.7,False,False
PE,22,5938.772,2022-08-05,2022,08,05,Friday,False,False,True,False,False,True,77.7,90,0.059,1022.2,4.1,True,False
PE,23,5479.194,2022-08-05,2022,08,05,Friday,False,False,True,False,False,True,77.2,90,0.028,1022.0,2.9,True,False
PEP,0,3428.2470000000003,2022-08-05,2022,08,05,Friday,False,False,True,False,False,True,78.6,86,0.0,1018.6,2.2,False,False
PEP,1,3219.032,2022-08-05,2022,08,05,Friday,False,False,True,False,False,True,76.8,86,0.0,1019.4,2.0,False,False
PEP,2,3096.778,2022-08-05,2022,08,05,Friday,False,False,True,False,False,True,76.2,90,0.0,1018.9,1.8,False,False
PEP,3,3062.509,2022-08-05,2022,08,05,Friday,False,False,True,False,False,True,75.5,93,0.0,1018.8,2.1,False,False
PEP,4,3055.125,2022-08-05,2022,08,05,Friday,False,False,True,False,False,True,75.2,95,0.0,1018.6,1.8,False,False
PEP,5,3173.8940000000002,2022-08-05,2022,08,05,Friday,False,False,True,False,False,True,75.3,95,0.0,1018.7,1.6,False,False
PEP,6,3383.9990000000003,2022-08-05,2022,08,05,Friday,False,False,True,False,False,True,75.7,96,0.0,1019.0,1.6,False,False
PEP,7,3601.938000000001,2022-08-05,2022,08,05,Friday,False,False,True,False,False,True,77.6,90,0.0,1020.3,4.2,False,False
PEP,8,3812.072,2022-08-05,2022,08,05,Friday,False,False,True,False,False,True,80.3,83,0.0,1020.3,3.7,False,False
PEP,9,4046.893,2022-08-05,2022,08,05,Friday,False,False,True,False,False,True,82.9,77,0.0,1020.7,2.8,False,False
PEP,10,4297.940000000001,2022-08-05,2022,08,05,Friday,False,False,True,False,False,True,85.8,70,0.0,1020.7,1.7,False,False
PEP,11,4573.747,2022-08-05,2022,08,05,Friday,False,False,True,False,False,True,87.4,65,0.0,1020.8,1.9,False,False
PEP,12,4816.059,2022-08-05,2022,08,05,Friday,False,False,True,False,False,True,89.3,61,0.0,1020.3,2.2,False,False
PEP,13,5019.733,2022-08-05,2022,08,05,Friday,False,False,True,False,False,True,91.6,56,0.0,1020.3,1.7,False,False
PEP,14,5193.207,2022-08-05,2022,08,05,Friday,False,False,True,False,False,True,91.9,54,0.0,1019.8,2.0,False,False
PEP,15,5303.694,2022-08-05,2022,08,05,Friday,False,False,True,False,False,True,87.8,65,0.024,1020.0,7.5,True,False
PEP,16,5193.83,2022-08-05,2022,08,05,Friday,False,False,True,False,False,True,84.0,77,0.02,1019.7,4.9,True,False
PEP,17,4807.17,2022-08-05,2022,08,05,Friday,False,False,True,False,False,True,85.6,73,0.0,1019.5,4.0,False,False
PEP,18,4446.831,2022-08-05,2022,08,05,Friday,False,False,True,False,False,True,84.9,76,0.0,1019.8,5.7,False,False
PEP,19,4246.617,2022-08-05,2022,08,05,Friday,False,False,True,False,False,True,80.9,83,0.0,1020.7,5.1,False,False
PEP,20,4109.928,2022-08-05,2022,08,05,Friday,False,False,True,False,False,True,79.3,85,0.0,1021.3,5.2,False,False
PEP,21,3951.699,2022-08-05,2022,08,05,Friday,False,False,True,False,False,True,77.7,87,0.0,1021.5,3.7,False,False
PEP,22,3713.1479999999997,2022-08-05,2022,08,05,Friday,False,False,True,False,False,True,77.4,91,0.0,1021.4,2.7,False,False
PEP,23,3481.97,2022-08-05,2022,08,05,Friday,False,False,True,False,False,True,77.6,93,0.0,1021.5,2.3,False,False
PL,0,4724.833000000001,2022-08-05,2022,08,05,Friday,False,False,True,False,False,True,73.0,93,0.0,999.6,0.9,False,False
PL,1,4552.604,2022-08-05,2022,08,05,Friday,False,False,True,False,False,True,71.5,91,0.0,1000.3,1.1,False,False
PL,2,4386.834,2022-08-05,2022,08,05,Friday,False,False,True,False,False,True,70.3,95,0.0,1000.0,1.4,False,False
PL,3,4284.1759999999995,2022-08-05,2022,08,05,Friday,False,False,True,False,False,True,68.8,97,0.0,1000.2,1.7,False,False
PL,4,4323.170999999999,2022-08-05,2022,08,05,Friday,False,False,True,False,False,True,67.3,100,0.0,1000.1,1.8,False,False
PL,5,4424.17,2022-08-05,2022,08,05,Friday,False,False,True,False,False,True,67.2,100,0.0,1000.5,1.9,False,False
PL,6,4707.697,2022-08-05,2022,08,05,Friday,False,False,True,False,False,True,68.1,99,0.0,1000.7,1.3,False,False
PL,7,5026.955,2022-08-05,2022,08,05,Friday,False,False,True,False,False,True,71.6,88,0.0,1001.9,0.7,False,False
PL,8,5317.673000000001,2022-08-05,2022,08,05,Friday,False,False,True,False,False,True,76.2,78,0.0,1002.1,1.0,False,False
PL,9,5570.3989999999985,2022-08-05,2022,08,05,Friday,False,False,True,False,False,True,80.6,68,0.0,1002.2,1.1,False,False
PL,10,5813.489000000001,2022-08-05,2022,08,05,Friday,False,False,True,False,False,True,84.8,60,0.0,1002.2,3.0,False,False
PL,11,6077.887,2022-08-05,2022,08,05,Friday,False,False,True,False,False,True,85.0,62,0.028,1002.4,4.0,True,False
PL,12,6291.723000000001,2022-08-05,2022,08,05,Friday,False,False,True,False,False,True,86.1,60,0.0,1001.7,3.4,False,False
PL,13,6492.678999999999,2022-08-05,2022,08,05,Friday,False,False,True,False,False,True,86.1,61,0.028,1002.5,0.5,True,False
PL,14,6632.980000000001,2022-08-05,2022,08,05,Friday,False,False,True,False,False,True,85.4,64,0.02,1002.2,0.7,True,False
PL,15,6680.647,2022-08-05,2022,08,05,Friday,False,False,True,False,False,True,84.5,69,0.012,1001.8,2.2,True,False
PL,16,6707.148,2022-08-05,2022,08,05,Friday,False,False,True,False,False,True,82.1,76,0.016,1000.9,3.6,True,False
PL,17,6629.257000000001,2022-08-05,2022,08,05,Friday,False,False,True,False,False,True,80.0,83,0.098,1001.3,3.4,True,False
PL,18,6355.389000000001,2022-08-05,2022,08,05,Friday,False,False,True,False,False,True,77.5,86,0.142,1001.7,1.8,True,False
PL,19,6090.567999999998,2022-08-05,2022,08,05,Friday,False,False,True,False,False,True,75.8,89,0.043,1001.9,2.9,True,False
PL,20,5927.9389999999985,2022-08-05,2022,08,05,Friday,False,False,True,False,False,True,74.4,94,0.138,1002.8,2.1,True,False
PL,21,5644.949000000001,2022-08-05,2022,08,05,Friday,False,False,True,False,False,True,73.4,95,0.067,1003.3,2.1,True,False
PL,22,5239.228,2022-08-05,2022,08,05,Friday,False,False,True,False,False,True,72.5,96,0.004,1002.8,2.0,False,False
PL,23,4907.0109999999995,2022-08-05,2022,08,05,Friday,False,False,True,False,False,True,71.8,97,0.0,1003.0,2.0,False,False
PN,0,1884.347,2022-08-05,2022,08,05,Friday,False,False,True,False,False,True,72.4,94,0.075,993.2,2.3,True,False
PN,1,1779.467,2022-08-05,2022,08,05,Friday,False,False,True,False,False,True,71.8,94,0.098,993.5,2.1,True,False
PN,2,1741.571,2022-08-05,2022,08,05,Friday,False,False,True,False,False,True,71.7,94,0.039,993.4,2.9,True,False
PN,3,1713.681,2022-08-05,2022,08,05,Friday,False,False,True,False,False,True,72.0,92,0.083,993.8,3.6,True,False
PN,4,1725.2220000000002,2022-08-05,2022,08,05,Friday,False,False,True,False,False,True,71.7,93,0.028,993.3,3.4,True,False
PN,5,1795.826,2022-08-05,2022,08,05,Friday,False,False,True,False,False,True,71.3,93,0.0,993.5,3.2,False,False
PN,6,1917.182,2022-08-05,2022,08,05,Friday,False,False,True,False,False,True,71.2,94,0.004,993.8,3.2,True,False
PN,7,2023.976,2022-08-05,2022,08,05,Friday,False,False,True,False,False,True,73.4,91,0.02,994.7,3.1,True,False
PN,8,2150.141,2022-08-05,2022,08,05,Friday,False,False,True,False,False,True,72.7,92,0.071,995.0,3.1,True,False
PN,9,2227.979,2022-08-05,2022,08,05,Friday,False,False,True,False,False,True,73.2,91,0.079,995.3,3.3,True,False
PN,10,2322.489,2022-08-05,2022,08,05,Friday,False,False,True,False,False,True,74.1,88,0.012,995.7,4.6,True,False
PN,11,2419.751,2022-08-05,2022,08,05,Friday,False,False,True,False,False,True,75.8,86,0.0,995.9,5.5,False,False
PN,12,2467.688,2022-08-05,2022,08,05,Friday,False,False,True,False,False,True,78.7,80,0.0,995.5,4.4,False,False
PN,13,2547.533,2022-08-05,2022,08,05,Friday,False,False,True,False,False,True,83.5,73,0.008,995.6,2.7,False,False
PN,14,2554.076,2022-08-05,2022,08,05,Friday,False,False,True,False,False,True,82.8,76,0.008,995.2,2.4,True,False
PN,15,2537.378,2022-08-05,2022,08,05,Friday,False,False,True,False,False,True,78.4,86,0.209,995.1,3.6,True,False
PN,16,2532.24,2022-08-05,2022,08,05,Friday,False,False,True,False,False,True,76.4,86,0.122,994.9,4.0,True,False
PN,17,2490.76,2022-08-05,2022,08,05,Friday,False,False,True,False,False,True,76.6,86,0.0,994.7,3.7,False,False
PN,18,2408.86,2022-08-05,2022,08,05,Friday,False,False,True,False,False,True,76.8,87,0.0,994.4,2.9,False,False
PN,19,2333.521,2022-08-05,2022,08,05,Friday,False,False,True,False,False,True,77.2,87,0.0,994.2,3.0,False,False
PN,20,2288.175,2022-08-05,2022,08,05,Friday,False,False,True,False,False,True,74.8,92,0.0,994.6,3.2,False,False
PN,21,2211.432,2022-08-05,2022,08,05,Friday,False,False,True,False,False,True,73.9,92,0.0,994.9,3.5,False,False
PN,22,2061.482,2022-08-05,2022,08,05,Friday,False,False,True,False,False,True,73.4,92,0.0,994.9,3.3,False,False
PN,23,1927.496,2022-08-05,2022,08,05,Friday,False,False,True,False,False,True,72.7,94,0.0,995.2,3.6,False,False
PS,0,6654.818,2022-08-05,2022,08,05,Friday,False,False,True,False,False,True,80.0,75,0.0,1017.5,6.0,False,False
PS,1,6304.008000000002,2022-08-05,2022,08,05,Friday,False,False,True,False,False,True,79.5,67,0.0,1017.7,5.6,False,False
PS,2,5999.848000000001,2022-08-05,2022,08,05,Friday,False,False,True,False,False,True,78.5,71,0.0,1017.7,5.1,False,False
PS,3,5815.553000000001,2022-08-05,2022,08,05,Friday,False,False,True,False,False,True,77.9,72,0.0,1017.8,4.5,False,False
PS,4,5740.2,2022-08-05,2022,08,05,Friday,False,False,True,False,False,True,77.4,74,0.0,1017.7,4.1,False,False
PS,5,5820.602,2022-08-05,2022,08,05,Friday,False,False,True,False,False,True,76.5,78,0.0,1018.2,4.2,False,False
PS,6,5917.146,2022-08-05,2022,08,05,Friday,False,False,True,False,False,True,76.5,79,0.0,1018.6,4.3,False,False
PS,7,6128.273,2022-08-05,2022,08,05,Friday,False,False,True,False,False,True,77.5,73,0.0,1019.9,4.5,False,False
PS,8,6497.094,2022-08-05,2022,08,05,Friday,False,False,True,False,False,True,80.5,67,0.0,1019.7,4.2,False,False
PS,9,6721.093000000002,2022-08-05,2022,08,05,Friday,False,False,True,False,False,True,84.0,60,0.0,1020.0,4.3,False,False
PS,10,6905.396,2022-08-05,2022,08,05,Friday,False,False,True,False,False,True,86.8,54,0.0,1020.0,3.8,False,False
PS,11,7268.691,2022-08-05,2022,08,05,Friday,False,False,True,False,False,True,89.4,51,0.0,1020.0,4.5,False,False
PS,12,7504.2959999999985,2022-08-05,2022,08,05,Friday,False,False,True,False,False,True,91.0,47,0.0,1019.5,5.5,False,False
PS,13,7963.113,2022-08-05,2022,08,05,Friday,False,False,True,False,False,True,90.4,51,0.0,1020.0,5.2,False,False
PS,14,8157.773,2022-08-05,2022,08,05,Friday,False,False,True,False,False,True,90.9,48,0.004,1019.8,5.5,False,False
PS,15,8458.483,2022-08-05,2022,08,05,Friday,False,False,True,False,False,True,91.2,48,0.0,1019.6,5.3,False,False
PS,16,8806.091999999999,2022-08-05,2022,08,05,Friday,False,False,True,False,False,True,91.0,50,0.0,1019.0,5.0,False,False
PS,17,8986.655999999999,2022-08-05,2022,08,05,Friday,False,False,True,False,False,True,85.6,67,0.024,1019.4,7.0,True,False
PS,18,8858.296999999999,2022-08-05,2022,08,05,Friday,False,False,True,False,False,True,84.5,71,0.0,1019.8,5.5,False,False
PS,19,8525.437,2022-08-05,2022,08,05,Friday,False,False,True,False,False,True,81.3,75,0.02,1020.5,6.3,True,False
PS,20,8255.632,2022-08-05,2022,08,05,Friday,False,False,True,False,False,True,79.6,79,0.0,1021.4,6.0,False,False
PS,21,7877.549,2022-08-05,2022,08,05,Friday,False,False,True,False,False,True,77.4,84,0.075,1021.8,4.2,True,False
PS,22,7388.569,2022-08-05,2022,08,05,Friday,False,False,True,False,False,True,77.2,85,0.035,1021.8,3.4,True,False
PS,23,6912.28,2022-08-05,2022,08,05,Friday,False,False,True,False,False,True,77.4,84,0.0,1021.7,3.0,False,False
RECO,0,214.895,2022-08-05,2022,08,05,Friday,False,False,True,False,False,True,73.8,84,0.0,1011.0,3.1,False,False
RECO,1,198.858,2022-08-05,2022,08,05,Friday,False,False,True,False,False,True,72.9,77,0.0,1011.2,2.9,False,False
RECO,2,188.26,2022-08-05,2022,08,05,Friday,False,False,True,False,False,True,72.5,81,0.0,1011.2,2.7,False,False
RECO,3,181.314,2022-08-05,2022,08,05,Friday,False,False,True,False,False,True,72.0,82,0.0,1011.3,2.5,False,False
RECO,4,179.097,2022-08-05,2022,08,05,Friday,False,False,True,False,False,True,71.1,86,0.0,1011.2,2.2,False,False
RECO,5,184.051,2022-08-05,2022,08,05,Friday,False,False,True,False,False,True,70.0,91,0.0,1011.8,2.2,False,False
RECO,6,191.401,2022-08-05,2022,08,05,Friday,False,False,True,False,False,True,71.3,89,0.0,1012.1,2.0,False,False
RECO,7,205.582,2022-08-05,2022,08,05,Friday,False,False,True,False,False,True,77.6,70,0.0,1013.3,2.3,False,False
RECO,8,229.44,2022-08-05,2022,08,05,Friday,False,False,True,False,False,True,82.1,62,0.0,1013.3,2.2,False,False
RECO,9,247.522,2022-08-05,2022,08,05,Friday,False,False,True,False,False,True,86.1,54,0.0,1013.5,2.9,False,False
RECO,10,268.467,2022-08-05,2022,08,05,Friday,False,False,True,False,False,True,89.0,50,0.0,1013.5,2.6,False,False
RECO,11,296.235,2022-08-05,2022,08,05,Friday,False,False,True,False,False,True,91.3,45,0.0,1013.5,3.2,False,False
RECO,12,315.173,2022-08-05,2022,08,05,Friday,False,False,True,False,False,True,92.1,44,0.0,1013.0,4.3,False,False
RECO,13,343.2290000000001,2022-08-05,2022,08,05,Friday,False,False,True,False,False,True,90.8,49,0.0,1013.7,3.8,False,False
RECO,14,362.986,2022-08-05,2022,08,05,Friday,False,False,True,False,False,True,91.2,48,0.004,1013.4,4.3,False,False
RECO,15,378.279,2022-08-05,2022,08,05,Friday,False,False,True,False,False,True,90.6,48,0.0,1013.3,5.3,False,False
RECO,16,370.48,2022-08-05,2022,08,05,Friday,False,False,True,False,False,True,89.5,52,0.0,1012.7,3.6,False,False
RECO,17,355.016,2022-08-05,2022,08,05,Friday,False,False,True,False,False,True,87.6,57,0.0,1012.6,4.6,False,False
RECO,18,340.362,2022-08-05,2022,08,05,Friday,False,False,True,False,False,True,82.1,76,0.02,1013.6,4.9,True,False
RECO,19,321.327,2022-08-05,2022,08,05,Friday,False,False,True,False,False,True,78.0,84,0.0,1014.1,3.8,False,False
RECO,20,306.863,2022-08-05,2022,08,05,Friday,False,False,True,False,False,True,76.7,88,0.0,1014.9,2.6,False,False
RECO,21,287.918,2022-08-05,2022,08,05,Friday,False,False,True,False,False,True,75.6,89,0.063,1015.2,1.6,True,False
RECO,22,261.548,2022-08-05,2022,08,05,Friday,False,False,True,False,False,True,74.8,91,0.071,1015.3,1.6,True,False
RECO,23,237.45,2022-08-05,2022,08,05,Friday,False,False,True,False,False,True,73.8,94,0.0,1015.2,2.2,False,False
